{
  "num_classes": 3,
  "category_index": 1,
  "dropout": 0.3,
  "lr": 2e-05,
  "weight_decay": 0,
  "batch_size": 128,
  "epochs_ran": 10,
  "seed": 42,
  "best_valid_loss": 0.33009395003318787,
  "best_macro_f1": 0.6839613731878925,
  "fold": 1
}