{
  "num_classes": 3,
  "category_index": 0,
  "dropout": 0.3,
  "lr": 2e-05,
  "weight_decay": 0,
  "batch_size": 128,
  "epochs_ran": 10,
  "seed": 42,
  "best_valid_loss": 0.5853193759918213,
  "best_macro_f1": 0.6470185598218795,
  "fold": 1
}